"trial","ref_position","var_area","response","correct","rt"
1,"L",10.5292118524667,"L",FALSE,0.415999889373779
2,"L",10.6947120379191,"R",TRUE,8.87499976158142
3,"L",14.5043617393821,"R",TRUE,2.30499982833862
4,"L",13.6092664736789,"R",TRUE,1.50300002098083
5,"R",14.8491812618449,"L",TRUE,1.50300002098083
6,"L",10.7965846578591,"R",TRUE,1.1800000667572
7,"L",14.9317800996359,"R",TRUE,1.17700028419495
8,"R",13.2458154708147,"L",TRUE,1.17700004577637
9,"L",10.1155726660509,"R",TRUE,2.10199999809265
10,"L",13.6885797064751,"R",TRUE,1.49399995803833
11,"R",12.5687935044989,"L",TRUE,1.4850001335144
12,"L",13.0776518783532,"R",TRUE,1.38699960708618
13,"L",12.1019165951293,"R",TRUE,1.27800011634827
14,"R",12.8595501077361,"L",TRUE,1.29099988937378
15,"R",8.08889126800932,"R",TRUE,3.76500010490417
16,"R",14.077305158833,"L",TRUE,1.6029999256134
17,"L",9.40840765368193,"R",TRUE,4.65700006484985
18,"L",14.7567469775677,"R",TRUE,1.50100016593933
19,"L",14.7828401529696,"R",TRUE,1.48300004005432
20,"L",14.46301901876,"R",TRUE,1.48799991607666
21,"L",12.8294271458872,"R",TRUE,1.38399982452393
22,"L",8.70811442169361,"L",TRUE,1.61100029945374
23,"R",13.0450280003715,"L",TRUE,1.3730001449585
24,"R",14.3255112918559,"L",TRUE,1.28799986839294
25,"L",9.0454691965133,"R",TRUE,4.13700008392334
26,"L",11.1249696149025,"R",TRUE,1.50800013542175
27,"R",14.093653216958,"L",TRUE,1.07799983024597
28,"R",13.6626979098655,"L",TRUE,1.30000042915344
29,"R",12.7387434991542,"L",TRUE,1.40200018882751